rank,uri,artist_names,track_name,source,peak_rank,previous_rank,weeks_on_chart,streams
1,"spotify:track:2EjXfH91m7f8HiJN1yQg97","Brenda Lee","Rockin' Around The Christmas Tree","MCA Nashville",1,1,49,"14697961"
2,"spotify:track:4xhsWYTOGcal8zt0J161CU","Jack Harlow","Lovin On Me","Generation Now/Atlantic",1,2,4,"11120015"
3,"spotify:track:0bYg9bo50gSsH3LtXe2SQn","Mariah Carey","All I Want for Christmas Is You","Columbia",1,3,57,"11042654"
4,"spotify:track:6p1GHnHSJSma1orNgP7NoE","Bobby Helms","Jingle Bell Rock","Geffen",2,4,49,"10804884"
5,"spotify:track:06qMRF18gwbOYYbnP2du6i","Wham!","Last Christmas - Single Version","Sony Music CG",5,6,47,"9266555"
6,"spotify:track:1IcR6RlgvDczfvoWJSSY2A","Andy Williams","It's the Most Wonderful Time of the Year","Columbia",4,7,45,"8933560"
7,"spotify:track:3CWq0pAKKTWb0K4yiglDc4","Taylor Swift","You’re Losing Me (From The Vault)","Taylor Swift",7,26,2,"8555608"
8,"spotify:track:3vkCueOmm7xQDoJ17W1Pm3","Mitski","My Love Mine All Mine","Dead Oceans",3,5,12,"8378851"
9,"spotify:track:0mflMxspEfB0VbI1kyLiAv","Noah Kahan","Stick Season","Mercury Records/Republic Records",5,8,58,"8254772"
10,"spotify:track:4KULAymBBJcPRpk1yO4dOG","Zach Bryan, Kacey Musgraves","I Remember Everything (feat. Kacey Musgraves)","Warner Records",1,9,15,"8019596"
11,"spotify:track:2uFaJJtFpPDc5Pa95XzTvg","Dean Martin","Let It Snow! Let It Snow! Let It Snow!","Capitol Records",8,12,33,"7979997"
12,"spotify:track:77khP2fIVhSW23NwxrRluh","Burl Ives","A Holly Jolly Christmas","Geffen",5,13,40,"7552336"
13,"spotify:track:1rv46mRwDqMEhOBZ7vODg3","Michael Bublé","It's Beginning to Look a Lot like Christmas","Reprise",7,16,45,"7125076"
14,"spotify:track:0lizgQ7Qw35od7CYaoMBZb","Ariana Grande","Santa Tell Me","Universal Records",5,22,44,"6996145"
15,"spotify:track:1BxfuPKGuaTgP7aM0Bbdwr","Taylor Swift","Cruel Summer","Taylor Swift",2,15,56,"6911771"
16,"spotify:track:3rUGC1vUpkDG9CZFHMur1t","Tate McRae","greedy","RCA Records Label",4,10,12,"6693880"
17,"spotify:track:4so0Wek9Ig1p6CRCHuINwW","Bing Crosby","White Christmas","Geffen",5,20,41,"6475661"
18,"spotify:track:5PyDJG7SQRgWXefgexqIge","Doja Cat","Agora Hills","Kemosabe Records/RCA Records",6,11,11,"6428145"
19,"spotify:track:2YSzYUF3jWqb9YP9VXmpjE","Drake, Yeat","IDGAF (feat. Yeat)","OVO/Republic",1,18,9,"6384745"
20,"spotify:track:3qCeq0rWK67SoBDgFd2sId","José Feliciano","Feliz Navidad","RCA/BMG Heritage",8,29,35,"6348587"
21,"spotify:track:4PS1e8f2LvuTFgUs1Cn3ON","Nat King Cole","The Christmas Song (Merry Christmas To You)","CAPITOL CATALOG MKT (C92)",11,27,38,"6282438"
22,"spotify:track:7fUYUcWy853HS8YJn0b3Sr","The Ronettes","Sleigh Ride","Legacy Recordings",13,28,31,"6258237"
23,"spotify:track:6rjuKpPydT2SxN15TZpV7r","Lil Tecca","500lbs","Galactic Records/Lil Tecca",12,17,13,"6182604"
24,"spotify:track:6tjituizSxwSmBB5vtgHZE","Michael Bublé","Holly Jolly Christmas","143/Reprise",16,34,34,"6165381"
25,"spotify:track:3nAp4IvdMPPWEH9uuXFFV5","Kelly Clarkson","Underneath the Tree","RCA Records Label",8,31,33,"6092694"
26,"spotify:track:4rXLjWdF2ZZpXCVTfWcshS","Gunna","fukumean","300 Entertainment",1,25,25,"6025588"
27,"spotify:track:7K3BhSpAxZBznislvUMVtn","Morgan Wallen","Last Night","Big Loud Records / Mercury Records / Republic Records",1,32,45,"5870442"
28,"spotify:track:3WMj8moIAXJhHsyLaqIIHI","Zach Bryan","Something in the Orange","Warner Records",4,24,85,"5858305"
29,"spotify:track:4iZ4pt7kvcaH6Yo8UoZ4s2","SZA","Snooze","Top Dawg Entertainment/RCA Records",14,30,52,"5723221"
30,"spotify:track:1Iq8oo9XkmmvCQiGOfORiz","Taylor Swift","Is It Over Now? (Taylor's Version) (From The Vault)","Taylor Swift",1,14,6,"5698208"
31,"spotify:track:56y1jOTK0XSvJzVv9vHQBK","Doja Cat","Paint The Town Red","Kemosabe Records/RCA Records",1,19,18,"5683228"
32,"spotify:track:2pXpURmn6zC5ZYDMms6fwa","Perry Como, The Fontane Sisters, Mitchell Ayres & His Orchestra","It's Beginning to Look a Lot Like Christmas (with Mitchell Ayres & His Orchestra)","RCA Records Label",21,33,35,"5586033"
33,"spotify:track:7aqfrAY2p9BUSiupwk3svU","Drake, J. Cole","First Person Shooter (feat. J. Cole)","OVO/Republic",2,23,9,"5476113"
34,"spotify:track:1Qrg8KqiBpW07V7PNxwwwL","SZA","Kill Bill","Top Dawg Entertainment/RCA Records",1,37,52,"5459117"
35,"spotify:track:1udwFobQ1JoOdWPQrp2b6u","JID, 21 Savage, Baby Tate","Surround Sound (feat. 21 Savage & Baby Tate)","Dreamville/Interscope",35,55,9,"5407633"
36,"spotify:track:4HEOgBHRCExyYVeTyrXsnL","Frank Sinatra","Jingle Bells - Remastered 1999","Capitol Records",31,35,14,"5299104"
37,"spotify:track:6wsqVwoiVH2kde4k4KKAFU","Travis Scott","I KNOW ?","Cactus Jack/Epic",3,36,19,"5122206"
38,"spotify:track:3QiAAp20rPC3dcAtKtMaqQ","Elvis Presley","Blue Christmas","RCA Victor",30,45,34,"5035216"
39,"spotify:track:47ohYW8e7dxCYn9qbUMBCI","Darlene Love","Christmas (Baby Please Come Home)","Legacy Recordings",19,47,23,"5023637"
40,"spotify:track:3xKsf9qdS1CyvXSMEid6g8","Frank Ocean","Pink + White","Boys Don't Cry",30,41,69,"4963463"
41,"spotify:track:68Dni7IE4VyPkTOH9mRWHr","J. Cole","No Role Modelz","Roc Nation Records LLC",10,42,304,"4946936"
42,"spotify:track:17cia5k4BpGVlyEfqrFH50","Olivia Rodrigo","Can’t Catch Me Now - from The Hunger Games: The Ballad of Songbirds & Snakes","Lions Gate Entertainment Inc. under exclusive license to Geffen Records",21,21,5,"4908084"
43,"spotify:track:1kuGVB7EU95pJObxwvfwKS","Olivia Rodrigo","vampire","Olivia Rodrigo PS",1,44,23,"4819079"
44,"spotify:track:7KA4W4McWYRpgf0fWsJZWB","Tyler, The Creator, Kali Uchis","See You Again (feat. Kali Uchis)","Columbia",5,46,127,"4722482"
45,"spotify:track:0rHToGels2lt8Y0mCYoF90","Nat King Cole","Deck The Hall","CAPITOL CATALOG MKT (C92)",23,48,10,"4661652"
46,"spotify:track:7xapw9Oy21WpfEcib2ErSA","Justin Bieber","Mistletoe","RBMG/Def Jam",15,51,40,"4623876"
47,"spotify:track:2pnPe4pJtq7689i5ydzvJJ","Chuck Berry","Run Rudolph Run","Geffen*",26,54,32,"4512851"
48,"spotify:track:4kKdvXD0ez7jp1296JmAts","Frank Sinatra, B. Swanson Quartet","Let It Snow! Let It Snow! Let It Snow! (with The B. Swanson Quartet)","Columbia/Legacy",9,49,38,"4499015"
49,"spotify:track:4MjDJD8cW7iVeWInc2Bdyj","Bad Bunny","MONACO","Rimas Entertainment LLC",2,39,8,"4420144"
50,"spotify:track:6CvTEtGagmzQvkUzzyKR9k","Fuerza Regida, Marshmello","HARLEY QUINN","Rancho Humilde/Street Mob Records",20,38,6,"4419942"
51,"spotify:track:5xlS0QkVrSH7ssEbBgBzbM","The Beach Boys","Little Saint Nick - 1991 Remix","Capitol Records",22,53,23,"4403358"
52,"spotify:track:6dBUzqjtbnIa1TwYbyw5CM","TV Girl","Lovers Rock","TV Girl",47,57,55,"4189133"
53,"spotify:track:2QjOHCTQ1Jl3zawyYOpxh6","The Neighbourhood","Sweater Weather","Columbia",13,52,172,"4171689"
54,"spotify:track:0HD8mbiPjp3o94X3EaZp0o","Tate McRae","exes","RCA Records Label",16,40,3,"4127903"
55,"spotify:track:1foCxQtxBweJtZmdxhEHVO","Eartha Kitt, Henri René and His Orchestra","Santa Baby (with Henri René & His Orchestra)","RCA Bluebird",41,63,31,"4107939"
56,"spotify:track:7omJfT9s6V2IpQNBYyq5C8","Beyoncé","MY HOUSE","Parkwood Entertainment/Columbia",56,-1,1,"4089499"
57,"spotify:track:6yzNzQxqsIY3zRsTwzLI3v","Bing Crosby, The Andrews Sisters","Mele Kalikimaka (Merry Christmas)","Geffen",45,59,19,"4086343"
58,"spotify:track:5aIVCx5tnk0ntmdiinnYvw","Tyla","Water","FAX Records/Epic",23,83,10,"3995603"
59,"spotify:track:5KD6AEm19QnMbfWpfoOHMl","Taylor Swift","Now That We Don't Talk (Taylor's Version) (From The Vault)","Taylor Swift",2,43,6,"3976844"
60,"spotify:track:1yeB8MUNeLo9Ek1UEpsyz6","Drake, Sexyy Red, SZA","Rich Baby Daddy (feat. Sexyy Red & SZA)","OVO/Republic",11,50,9,"3957948"
61,"spotify:track:3azJifCSqg9fRij2yKIbWz","Tory Lanez","The Color Violet","One Umbrella Records",26,69,66,"3910151"
62,"spotify:track:1xK59OXxi2TAAAbmZK0kBL","d4vd","Romantic Homicide","Darkroom/Interscope Records",3,61,70,"3906332"
63,"spotify:track:3EaJDYHA0KnX88JvDhL9oa","Steve Lacy","Dark Red","Three Quarter",16,60,122,"3905755"
64,"spotify:track:3hxIUxnT27p5WcmjGUXNwx","Hotel Ugly","Shut up My Moms Calling","Hotel Ugly, under exclusive license to Amuseio AB",29,65,66,"3844706"
65,"spotify:track:0PAcdVzhPO4gq1Iym9ESnK","Morgan Wallen","Thinkin’ Bout Me","Big Loud Records / Mercury Records / Republic Records",9,62,40,"3835117"
66,"spotify:track:3QIoEi8Enr9uHffwInGIsC","Eagles","Please Come Home for Christmas - 2013 Remaster","Rhino/Elektra",51,79,13,"3757631"
67,"spotify:track:1SV1fxF65n9NhRHp3KlBuu","Paul McCartney","Wonderful Christmastime - Edited Version / Remastered 2011","Paul McCartney Catalog",17,73,32,"3726083"
68,"spotify:track:3F5CgOj3wFlRv51JsHbxhe","Drake, 21 Savage","Jimmy Cooks (feat. 21 Savage)","OVO",2,70,77,"3713322"
69,"spotify:track:6uIIdjYTxxpWOyWuVXrKQO","Calle 24, Chino Pacas, Fuerza Regida","Que Onda","Street Mob Records - Rancho Humilde",40,58,14,"3700057"
70,"spotify:track:3qQbCzHBycnDpGskqOWY0E","Eslabon Armado, Peso Pluma","Ella Baila Sola","DEL Records",1,72,38,"3698243"
71,"spotify:track:3cBsEDNhFI9E82vPj3kvi3","Morgan Wallen","Wasted On You","Big Loud / Republic",3,68,150,"3654658"
72,"spotify:track:3IznIgmXtrUaoPWpQTy5jB","TV Girl","Not Allowed","TV Girl",72,75,30,"3652134"
73,"spotify:track:5mjYQaktjmjcMKcUIcqz4s","Kenya Grace","Strangers","Warner Records/Major Recordings",17,56,13,"3651248"
74,"spotify:track:5W4kiM2cUYBJXKRudNyxjW","Morgan Wallen","You Proof","Big Loud Records / Mercury Records / Republic Records",8,67,82,"3650007"
75,"spotify:track:3DK6m7It6Pw857FcQftMds","Kanye West, Pusha T","Runaway","Roc-A-Fella",75,76,4,"3642289"
76,"spotify:track:47otoIkhx3fkdivEXL5OB6","Burl Ives","Rudolph The Red-Nosed Reindeer","Geffen",54,89,23,"3613622"
77,"spotify:track:5RqSsdzTNPX1uzkmlHCFvK","KAROL G, Peso Pluma","QLONA","Bichota/Interscope Records",16,78,17,"3610110"
78,"spotify:track:7mXuWTczZNxG5EDcjFEuJR","Peso Pluma, Gabito Ballesteros, Junior H","LADY GAGA","Double P Records",7,64,24,"3574816"
79,"spotify:track:0JXXNGljqupsJaZsgSbMZV","Miguel","Sure Thing","Jive",10,74,61,"3537556"
80,"spotify:track:0V3wPSX9ygBnCm8psDIegu","Taylor Swift","Anti-Hero","Taylor Swift",1,84,59,"3524444"
81,"spotify:track:2HbKqm4o0w5wEeEFXm2sD4","Kendrick Lamar, Jay Rock","Money Trees","Aftermath",41,81,155,"3486652"
82,"spotify:track:3bMfUUpzUzqWp9II00yRhE","Vince Guaraldi Trio","Christmas Time Is Here","Fantasy Records",39,90,25,"3485519"
83,"spotify:track:4EWCNWgDS8707fNSZ1oaA5","Kanye West","Heartless","Roc-A-Fella",40,82,114,"3433663"
84,"spotify:track:0vjeOZ3Ft5jvAi9SBFJm1j","Metro Boomin, Future, Chris Brown","Superhero (Heroes & Villains) [with Future & Chris Brown]","Republic Records",2,105,53,"3386361"
85,"spotify:track:6wf7Yu7cxBSPrRlWeSeK0Q","Billie Eilish","What Was I Made For? [From The Motion Picture ""Barbie""]","Darkroom/Interscope Records",6,87,21,"3383768"
86,"spotify:track:3PIDciSFdrQxSQSihim3hN","Mariah Carey","Christmas (Baby Please Come Home)","Columbia",48,88,24,"3373446"
87,"spotify:track:4KW1lqgSr8TKrvBII0Brf8","Kanye West","Father Stretch My Hands Pt. 1","Rock The World/IDJ/Kanye LP7",71,80,93,"3372202"
88,"spotify:track:7uoFMmxln0GPXQ0AcCBXRq","Sia","Snowman","Monkey Puzzle/Atlantic",34,122,18,"3363713"
89,"spotify:track:25leEEaz1gIpp7o21Fqyjo","Gene Autry","Here Comes Santa Claus (Right Down Santa Claus Lane) - 1947 Version","Columbia/Legacy",44,107,23,"3363545"
90,"spotify:track:2LBqCSwhJGcFQeTHMVGwy3","The Weeknd","Die For You","Universal Republic Records",8,95,143,"3356417"
91,"spotify:track:0JmnkIqdlnUzPaf8sqBRs3","Kali Uchis","Moonlight","Geffen Records",27,92,41,"3321862"
92,"spotify:track:5TRPicyLGbAF2LGBFbHGvO","Kanye West, Dwele","Flashing Lights","Roc-A-Fella",53,85,99,"3317434"
93,"spotify:track:1Lo0QY9cvc8sUB2vnIOxDT","Luke Combs","Fast Car","River House Artists/Columbia Nashville",4,96,37,"3298904"
94,"spotify:track:42VsgItocQwOQC3XWZ8JNA","Travis Scott, Playboi Carti","FE!N (feat. Playboi Carti)","Cactus Jack/Epic",2,102,19,"3277756"
95,"spotify:track:2mvabkN1i2gLnGAPUVdwek","Taylor Swift","Christmas Tree Farm","Taylor Swift",95,146,10,"3261152"
96,"spotify:track:27RYrbL6S02LNVhDWVl38b","John Lennon, Yoko Ono","Happy Xmas (War Is Over) - Remastered 2010","EMI Catalogue",32,116,31,"3258085"
97,"spotify:track:1odExI7RdWc4BT515LTAwj","David Kushner","Daylight","Miserable Music Group, LLC",11,91,34,"3256692"
98,"spotify:track:7MSYSOobsombc1mbDWFxtD","Donny Hathaway","This Christmas","Rhino Atlantic",57,154,17,"3246281"
99,"spotify:track:5fEB6ZmVkg63GZg9qO86jh","PARTYNEXTDOOR","Break from Toronto","OVO Sound",72,86,40,"3234462"
100,"spotify:track:7iQXYTyuG13aoeHxGG28Nh","Bad Bunny, Feid","PERRO NEGRO","Rimas Entertainment LLC",10,77,8,"3220626"
101,"spotify:track:4xqrdfXkTW4T0RauPLv3WA","Conan Gray","Heather","Republic Records",9,-1,97,"3192909"
102,"spotify:track:5XeFesFbtLpXzIVDNQP22n","Arctic Monkeys","I Wanna Be Yours","Domino Recording Co",62,100,65,"3188727"
103,"spotify:track:6s2wpWPFPAgKg2LXxi1Oee","Bruce Springsteen","Santa Claus Is Comin' to Town - Live at C.W. Post College, Greenvale, NY - December 1975","NITRON concepts",42,127,17,"3173860"
104,"spotify:track:5P8Xvy5tzhmfyfA6GplQ8h","Gayla Peevey","I Want a Hippopotamus for Christmas (Hippo the Hero)","Sony Music Entertainment",91,126,4,"3139352"
105,"spotify:track:2J6OF7CkpdQGSfm1wdclqn","Brent Faiyaz","Clouded","Lost Kids",39,94,60,"3129222"
106,"spotify:track:1VuAamHM7P3VQQEXYGG3Uu","Nat King Cole","Joy To The World","CAPITOL CATALOG MKT (C92)",50,115,25,"3100547"
107,"spotify:track:7FIWs0pqAYbP91WWM0vlTQ","Eminem, Juice WRLD","Godzilla (feat. Juice WRLD)","Shady/Aftermath/Interscope Records",2,-1,98,"3069871"
108,"spotify:track:6a1hzBiTkgqTsDA0Xgfh9z","The Jackson 5","Santa Claus Is Coming To Town","UNI/MOTOWN",30,142,22,"3051926"
109,"spotify:track:2dHHgzDwk4BJdRwy9uXhTO","Metro Boomin, The Weeknd, 21 Savage","Creepin' (with The Weeknd & 21 Savage)","Republic Records",1,147,53,"3051825"
110,"spotify:track:1Wf14bTyb6UeKojy8ykPYm","Andy Williams","Happy Holiday / The Holiday Season","Columbia",54,131,12,"3040967"
111,"spotify:track:4pCbJC43j3gSqG6Fen6upD","Zach Bryan, The War And Treaty","Hey Driver (feat. The War and Treaty)","Warner Records",3,93,15,"3015857"
112,"spotify:track:71BqAINEnezjQfxE4VuJfq","Taylor Swift","""Slut!"" (Taylor's Version) (From The Vault)","Taylor Swift",3,71,6,"3013884"
113,"spotify:track:2XHzzp1j4IfTNp1FTn7YFg","Lil Wayne, Drake, Future","Love Me","CM/Republic",98,112,27,"3013482"
114,"spotify:track:5wG3HvLhF6Y5KTGlK0IW3J","Metro Boomin, Travis Scott, Young Thug","Trance (with Travis Scott & Young Thug)","Republic Records",20,141,46,"3012328"
115,"spotify:track:5gDWsRxpJ2lZAffh5p7K0w","The Weeknd, Lana Del Rey","Stargirl Interlude","Universal Republic Records",56,120,75,"3008392"
116,"spotify:track:7KokYm8cMIXCsGVmUvKtqf","Taylor Swift","Karma","Taylor Swift",5,108,54,"3008046"
117,"spotify:track:2O3MQ6H3gjrIWDcpeTrikT","Kelly Clarkson, Ariana Grande","Santa, Can’t You Hear Me","Atlantic Records",117,167,6,"3007868"
118,"spotify:track:5XVdHRf4CAJ2Jm0uMIy5qY","Xavi","La Víctima","Interscope Records",118,-1,1,"3007507"
119,"spotify:track:3hRV0jL3vUpRrcy398teAU","Lord Huron","The Night We Met","IAMSOUND",48,104,85,"3007357"
120,"spotify:track:22VHOlVYBqytsrAqV8yXBK","Noah Kahan, Post Malone","Dial Drunk (with Post Malone)","Mercury Records/Republic Records",13,130,21,"3006406"
121,"spotify:track:2Zo1PcszsT9WQ0ANntJbID","Sabrina Carpenter","Feather","Island Records",121,175,2,"2986685"
122,"spotify:track:2Dct3GykKZ58hpWRFfe2Qd","Zach Bryan","Heading South","Warner Records",36,99,56,"2952044"
123,"spotify:track:6pcywuOeGGWeOQzdUyti6k","21 Savage, Metro Boomin","Glock In My Lap","Slaughter Gang, LLC/Epic/Boominati Worldwide/Republic",8,129,61,"2948007"
124,"spotify:track:1LmkdWSxjCV7wKTPsCvYWN","Laufey","Winter Wonderland - Spotify Singles Holiday","Laufey",124,-1,1,"2942484"
125,"spotify:track:67nepsnrcZkowTxMWigSbb","Travis Scott, Drake","MELTDOWN (feat. Drake)","Cactus Jack/Epic",1,119,19,"2940146"
126,"spotify:track:0OWhKvvsHptt6vnnNUSM9a","Zach Bryan","Oklahoma Smokeshow","Warner Records",99,172,21,"2927345"
127,"spotify:track:5Se32hEA9raeboZerywxka","Drake","You Broke My Heart","OVO/Republic",12,66,3,"2918001"
128,"spotify:track:6QeYSvYqYUsfBzsApbjDHO","TV Girl","Cigarettes out the Window","TV Girl",128,134,7,"2915131"
129,"spotify:track:1R0a2iXumgCiFb7HEZ7gUE","Taylor Swift","Don’t Blame Me","Big Machine Records, LLC",49,106,70,"2904361"
130,"spotify:track:4Yg2w0P29BBBMixyeNjDtj","Band Aid","Do They Know It's Christmas? - 1984 Version","EMI",19,164,33,"2893553"
131,"spotify:track:4R2kfaDFhslZEMJqAFNpdd","Taylor Swift","cardigan","Taylor Swift",1,117,62,"2890930"
132,"spotify:track:2Hh3ETdQKrmSI3QS0hme7g","Metro Boomin, Future, Don Toliver","Too Many Nights (feat. Don Toliver & with Future)","Republic Records",10,140,53,"2883745"
133,"spotify:track:4MrfQL4TYQXJBlZYpAHTuE","Dean Martin","Baby, It's Cold Outside","Capitol Records",45,149,26,"2857236"
134,"spotify:track:2OQ6a4CfUeYskpTTgyawyJ","Gwen Stefani, Blake Shelton","You Make It Feel Like Christmas (feat. Blake Shelton)","UMGRI Interscope",61,-1,12,"2849642"
135,"spotify:track:7rbECVPkY5UODxoOUVKZnA","Kanye West","I Wonder","Roc-A-Fella",57,109,37,"2840960"
136,"spotify:track:3yfqSUWxFvZELEM4PmlwIR","Eminem","The Real Slim Shady","Interscope",48,-1,33,"2817857"
137,"spotify:track:58ge6dfP91o9oXMzq3XkIS","Arctic Monkeys","505","Domino/Warner Records",18,114,151,"2804530"
138,"spotify:track:4OMJGnvZfDvsePyCwRGO7X","Dua Lipa","Houdini","Warner Records",18,103,4,"2795431"
139,"spotify:track:3QFInJAm9eyaho5vBzxInN","Baby Keem, Kendrick Lamar","family ties (with Kendrick Lamar)","Columbia",8,136,119,"2787730"
140,"spotify:track:1vYXt7VSjH9JIM5oRRo7vA","Dua Lipa","Dance The Night - From Barbie The Album","Atlantic Records",9,101,28,"2773489"
141,"spotify:track:6dgUya35uo964z7GZXM07g","Sabrina Carpenter","Nonsense","Island Records",15,128,48,"2770653"
142,"spotify:track:2yzshFeBIwH8tWIqHEFLeD","Grupo Frontera, Bad Bunny","un x100to","Grupo Frontera",2,150,34,"2763050"
143,"spotify:track:0RiRZpuVRbi7oqRdSMwhQY","Post Malone, Swae Lee","Sunflower - Spider-Man: Into the Spider-Verse","Republic Records",1,125,264,"2761864"
144,"spotify:track:3IX0yuEVvDbnqUwMBB3ouC","Olivia Rodrigo","bad idea right?","Olivia Rodrigo PS",1,113,17,"2758831"
145,"spotify:track:7CyPwkp0oE8Ro9Dd5CUDjW","The Weeknd, JENNIE, Lily-Rose Depp","One Of The Girls (with JENNIE, Lily Rose Depp)","XO / Republic Records",145,185,2,"2744427"
146,"spotify:track:4Dvkj6JhhA12EX05fT7y2e","Harry Styles","As It Was","Columbia",1,110,88,"2733530"
147,"spotify:track:0yc6Gst2xkRu0eMLeRMGCX","Cigarettes After Sex","Apocalypse","Partisan Records",49,135,70,"2732279"
148,"spotify:track:3pdQTWpq09XCBosbTtYIiZ","Bing Crosby","Winter Wonderland - Remastered","Geffen",48,139,29,"2729349"
149,"spotify:track:4oEf84vBYVftf6KmZexhVo","Noah Kahan, Hozier","Northern Attitude (with Hozier)","Mercury Records/Republic Records",16,111,4,"2725617"
150,"spotify:track:1bDbXMyjaUIooNwFE9wn0N","Drake, 21 Savage","Rich Flex","OVO / Republic Records",1,162,57,"2723581"
151,"spotify:track:3eP13S8D5m2cweMEg3ZDed","Drake","Virginia Beach","OVO/Republic",3,98,9,"2719285"
152,"spotify:track:1RzjXhgnzqb3dMa5852itx","Peso Pluma, Tito Double P","LA PEOPLE","Double P Records",152,158,4,"2714703"
153,"spotify:track:5BbdKBZO0TH0GhfxUfyhL9","Lil Baby","Freestyle","Quality Control Music (Caroline)",46,144,76,"2710647"
154,"spotify:track:6me7F0aaZjwDo6RJ5MrfBD","Richy Mitch & The Coal Miners","Evergreen","Richy Mitch & The Coal Miners",97,124,11,"2709634"
155,"spotify:track:17phhZDn6oGtzMe56NuWvj","Teddy Swims","Lose Control","Warner Records",108,118,4,"2708835"
156,"spotify:track:4k6Uh1HXdhtusDW5y8Gbvy","Steve Lacy","Bad Habit","L-M Records/RCA Records",1,153,75,"2691024"
157,"spotify:track:2FPfeYlrbSBR8PwCU0zaqq","Frank Sinatra","Have Yourself A Merry Little Christmas - Remastered 1999","Capitol Records",58,-1,6,"2682498"
158,"spotify:track:5UWwZ5lm5PKu6eKsHAGxOk","Foo Fighters","Everlong","RCA Records Label",60,137,70,"2676640"
159,"spotify:track:1OjmlSFuzYflWjSMTCyTJv","Jonas Brothers","Like It's Christmas","Jonas Brothers",65,-1,13,"2663456"
160,"spotify:track:42TtHTxWk782ZBiqyOi2d1","Zach Bryan, Maggie Rogers","Dawns (feat. Maggie Rogers)","Warner Records",17,133,26,"2663013"
161,"spotify:track:2HRgqmZQC0MC7GeNuDIXHN","Jung Kook, Latto","Seven (feat. Latto) (Explicit Ver.)","BIGHIT MUSIC",3,121,21,"2660150"
162,"spotify:track:3lkYS3iMpWMVpaJ0yJAFrJ","The Jackson 5","I Saw Mommy Kissing Santa Claus","UNI/MOTOWN",55,181,19,"2650011"
163,"spotify:track:2kE2HFBFkJ0VMw3igxYohz","Jessie Murph, Jelly Roll","Wild Ones (feat. Jelly Roll)","Columbia",107,190,9,"2649190"
164,"spotify:track:3hUxzQpSfdDqwM3ZTFQY0K","Taylor Swift","august","Taylor Swift",6,143,55,"2648287"
165,"spotify:track:4tqcoej1zPvwePZCzuAjJd","J. Cole","Wet Dreamz","Roc Nation Records LLC",69,145,112,"2643443"
166,"spotify:track:5odlY52u43F5BjByhxg7wg","JVKE","golden hour","JVKE",8,171,68,"2638877"
167,"spotify:track:2KslE17cAJNHTsI2MI0jb2","Jung Kook","Standing Next to You","BIGHIT MUSIC",19,97,5,"2622499"
168,"spotify:track:7n7VsX3sv66znBwA8b5uhp","Elvis Presley","Here Comes Santa Claus (Right Down Santa Claus Lane)","RCA Victor",88,180,7,"2620745"
169,"spotify:track:7sO5G9EABYOXQKNPNiE9NR","Offset, Metro Boomin","Ric Flair Drip (with Metro Boomin)","Slaughter Gang, LLC/Epic/Quality Control Music/Motown/Capitol/Boominati Worldwide/Republic",4,152,202,"2619564"
170,"spotify:track:7DSAEUvxU8FajXtRloy8M0","Miley Cyrus","Flowers","Columbia",1,-1,41,"2615323"
171,"spotify:track:1dGr1c8CrMLDpV6mPbImSI","Taylor Swift","Lover","Taylor Swift",1,132,54,"2611599"
172,"spotify:track:0hvN2v6fAcB6xWyW7UaooA","Perry Como","(There's No Place Like) Home for the Holidays - 1959 Version","RCA Records Label",73,163,12,"2600574"
173,"spotify:track:1OG7o5af3ILKrFkp7pvvb0","The Red Clay Strays","Wondering Why","Red Clay Strays",173,-1,1,"2596959"
174,"spotify:track:15coTBAzEN1bOeipoNDZAR","*NSYNC","Merry Christmas, Happy Holidays","RCA Records Label",43,-1,17,"2580381"
175,"spotify:track:4EZUcj7c8n9pWIwHqN0DoH","Bing Crosby","Do You Hear What I Hear? - Remastered 2006","Capitol Records",48,-1,27,"2547711"
176,"spotify:track:0ofHAoxe9vBkTCp2UQIavz","Fleetwood Mac","Dreams - 2004 Remaster","Rhino/Warner Records",6,138,154,"2541833"
177,"spotify:track:3pXF1nA74528Edde4of9CC","Bryson Tiller","Don't","TrapSoul/RCA Records",82,151,113,"2537991"
178,"spotify:track:550rQQCGkrTzvp4SfpOPzx","Pentatonix","Hallelujah","RCA Records Label",101,-1,14,"2532714"
179,"spotify:track:0f8eRy9A0n6zXpKSHSCAEp","Steve Lacy","Infrunami","L-M Records",109,155,22,"2529483"
180,"spotify:track:7lQ8MOhq6IN2w8EYcFNSUk","Eminem","Without Me","Aftermath",59,-1,17,"2521933"
181,"spotify:track:59nOXPmaKlBfGMDeOVGrIK","Future, Drake, Tems","WAIT FOR U (feat. Drake & Tems)","Epic/Freebandz",3,182,84,"2515662"
182,"spotify:track:7H0ya83CMmgFcOhw0UB6ow","Beach House","Space Song","Sub Pop Records",47,160,116,"2503582"
183,"spotify:track:7D0RhFcb3CrfPuTJ0obrod","Coldplay","Sparks","Parlophone UK",123,183,21,"2502224"
184,"spotify:track:5FkoSXiJPKTNyYgALRJFhD","Baby Keem","ORANGE SODA","Baby Keem LLC",54,156,73,"2500269"
185,"spotify:track:7faDzZnZYqTyYThx2sbHVQ","Frank Sinatra","Mistletoe And Holly - Remastered 1999","Capitol Records",61,-1,24,"2499520"
186,"spotify:track:2L9N0zZnd37dwF0clgxMGI","Lizzy McAlpine","ceilings","Harbour Artists & Music",16,-1,23,"2499507"
187,"spotify:track:1DgtQlVNotingln271ZKCx","Chris Stapleton","White Horse","Mercury Nashville",45,-1,7,"2479445"
188,"spotify:track:5CCr8msaN3MhgqBoa9yWhH","PinkPantheress, Ice Spice","Boy's a liar Pt. 2","Warner Records",1,-1,42,"2471523"
189,"spotify:track:1s7oOCT8vauUh01PbJD6ps","Rema, Selena Gomez","Calm Down (with Selena Gomez)","Mavin Records / Jonzing World",25,-1,63,"2470649"
190,"spotify:track:086myS9r57YsLbJpU0TgK9","Arctic Monkeys","Why'd You Only Call Me When You're High?","Domino Recording Co",111,-1,22,"2468928"
191,"spotify:track:1TE8AAk9koG0UJco6ZAUfx","Bailey Zimmerman","Rock and A Hard Place","Warner Music Nashville/Elektra",26,192,78,"2464405"
192,"spotify:track:1fEo7EnPl1LEn0CAy1xPL5","Judy Garland","Have Yourself A Merry Little Christmas","Geffen",58,-1,26,"2457017"
193,"spotify:track:1i9lZvlaDdWDPyXEE95aiq","Travis Scott, SZA, Future","TELEKINESIS (feat. SZA & Future)","Cactus Jack/Epic",13,159,19,"2455430"
194,"spotify:track:39sDitIeCMrVX2QyXHY46t","TV Girl","Blue Hair","TV Girl",94,-1,16,"2449799"
195,"spotify:track:43iIQbw5hx986dUEZbr3eN","Laufey","From The Start","Laufey",45,179,21,"2449698"
196,"spotify:track:4PRdeh2zIyM1pvY4x5luLe","Noah Kahan, Gracie Abrams","Everywhere, Everything (with Gracie Abrams)","Mercury Records/Republic Records",196,-1,1,"2442232"
197,"spotify:track:4lH6nENd1y81jp7Yt9lTBX","Future","Solo","Epic/Freebandz/A1",123,-1,20,"2430290"
198,"spotify:track:4bw8mcDUSRWfQo63ZTYRnU","Maluma, Carin Leon","Según Quién","Sony Music Latin",72,169,11,"2428737"
199,"spotify:track:003vvx7Niy0yvhvHt4a68B","The Killers","Mr. Brightside","Island Records",60,173,171,"2415269"
200,"spotify:track:7GX5flRQZVHRAGd6B4TmDO","Lil Uzi Vert","XO Tour Llif3","Generation Now/Atlantic",2,-1,268,"2401884"
